{
    "images": {
        "capillary": {
            "centre": [
                -0.0452407411,
                0.9868162204352258
            ],
            "zoom": 51200000.0
        },
        "chloro-zoom": {
            "centre": [
                0.281717921930775,
                0.5771052841488505
            ],
            "zoom": 102400000000.0
        },
        "chlorophyll": {
            "centre": [
                0.281717921930775,
                0.5771052841488505
            ],
            "zoom": 25600000000.0
        },
        "circle": {
            "centre": [
                0.432539867562512,
                0.226118675951765
            ],
            "zoom": 25000000000000.0
        },
        "divergence": {
            "centre": [
                0.2549870375144766,
                -0.0005679790528465
            ],
            "zoom": 200000.0
        },
        "doubletentacle": {
            "centre": [
                -0.745428,
                0.113009
            ],
            "zoom": 400000.0
        },
        "knife": {
            "centre": [
                -1.25066,
                0.02012
            ],
            "zoom": 75000.0
        },
        "spiral": {
            "centre": [
                -0.7771204433106587,
                0.1268572387863619
            ],
            "zoom": 20000.0
        },
        "splotches": {
            "centre": [
                -0.74529,
                0.113075
            ],
            "zoom": 80000.0
        },
        "tendril": {
            "centre": [
                -0.235125,
                0.827215
            ],
            "zoom": 260000.0
        },
        "tentacle": {
            "centre": [
                -0.7453,
                0.1127
            ],
            "zoom": 10000
        },
        "tilt": {
            "centre": [
                -0.16,
                1.035
            ],
            "zoom": 900.0
        },
        "tilt-zoom-out": {
            "centre": [
                -0.16,
                1.035
            ],
            "zoom": 700.0
        },
        "void": {
            "centre": [
                -1.25066,
                0.02012
            ],
            "zoom": 200000.0
        }
    },
    "palletes": {
        "dark": {
            "colours": [
                [
                    67,
                    170,
                    139
                ],
                [
                    33,
                    47,
                    69
                ],
                [
                    0,
                    0,
                    0
                ],
                [
                    0,
                    100,
                    102
                ],
                [
                    76,
                    201,
                    240
                ],
                [
                    11,
                    82,
                    91
                ]
            ]
        },
        "electric": {
            "colours": [
                [
                    229,
                    229,
                    229
                ],
                [
                    0,
                    0,
                    0
                ],
                [
                    20,
                    33,
                    61
                ],
                [
                    0,
                    18,
                    25
                ],
                [
                    255,
                    255,
                    255
                ],
                [
                    252,
                    163,
                    17
                ]
            ]
        },
        "neon": {
            "colours": [
                [
                    0,
                    0,
                    0
                ],
                [
                    67,
                    97,
                    238
                ],
                [
                    76,
                    201,
                    240
                ],
                [
                    247,
                    37,
                    133
                ],
                [
                    58,
                    12,
                    163
                ]
            ]
        },
        "pastel": {
            "colours": [
                [
                    0,
                    0,
                    0
                ],
                [
                    61,
                    64,
                    91
                ],
                [
                    224,
                    122,
                    95
                ],
                [
                    0,
                    18,
                    25
                ],
                [
                    129,
                    178,
                    154
                ],
                [
                    242,
                    204,
                    143
                ]
            ]
        },
        "warm": {
            "colours": [
                [
                    10,
                    147,
                    150
                ],
                [
                    0,
                    18,
                    25
                ],
                [
                    174,
                    32,
                    18
                ],
                [
                    233,
                    216,
                    166
                ]
            ]
        },
        "tokyo-night": {
            "colours": [
                [0,255,210],
                [255,68,153],
                [0,0,0],
                [10,0,71],
                [0,70,135]
            ]
        },
        "dracula": {
            "colours": [
                [248, 248, 242],
                [40, 42, 54],
                [98, 114, 164],
                [80, 250, 123],
                [189, 147, 249],
                [255, 85, 85]   
            ]
        }
    }
}
